,site,wildtype_x,mutant_x,effect_x,effect_std_x,times_seen_x,n_selections_x,wildtype_y,mutant_y,effect_y,effect_std_y,times_seen_y,n_selections_y,conserved
0,1,M,I,-7.399,2.235,21.67,6,M,I,-0.1941,0.504,19.45,11,1
1,10,L,M,0.6841,0.2931,6.333,6,L,M,0.03974,0.0539,20.82,11,1
2,100,M,A,0.0092,3.52,2.833,6,M,*,-4.841,1.01,14.36,11,1
3,101,V,*,-7.288,2.963,7.0,6,V,A,-0.1933,0.2665,17.73,11,1
4,102,D,A,-1.129,0.9938,5.833,6,E,*,-5.211,1.095,16.36,11,0
5,103,Q,*,-4.507,2.271,9.667,6,Q,*,-5.585,0.8264,11.45,11,1
6,104,M,-,-0.5539,1.427,3.0,2,M,F,-1.183,0.7871,11.09,11,1
7,105,H,*,-6.005,2.163,5.5,6,H,A,-3.004,1.236,8.364,11,1
8,106,E,*,-6.92,2.032,10.17,6,T,A,0.1064,0.03415,19.55,11,0
9,107,D,E,-0.8574,0.6661,5.167,6,D,E,-0.3073,2.425,3.455,11,1
10,108,I,A,-3.213,2.923,5.833,6,I,A,-1.166,1.956,4.273,11,1
11,109,I,*,-5.364,2.058,3.833,6,I,D,-3.734,1.139,17.73,11,1
12,110,S,A,-3.62,1.999,3.333,6,S,A,-0.8743,0.8749,5.364,11,1
13,111,L,*,-6.857,2.041,5.667,6,L,A,-0.7335,1.142,3.545,11,1
14,112,W,*,-7.173,2.055,15.17,6,W,*,-4.383,1.177,11.45,11,1
15,113,D,*,-5.122,3.048,3.667,6,D,A,-0.6406,0.4931,20.27,11,1
16,114,Q,*,-6.609,2.053,6.333,6,Q,*,-5.294,0.8381,5.273,11,1
17,115,S,*,-6.795,2.241,4.833,6,G,A,0.09883,0.07537,21.73,11,0
18,116,L,A,-0.1775,0.58,5.833,6,L,I,0.08321,0.1343,2.727,11,1
19,117,K,*,-3.578,1.669,4.667,6,K,*,-4.329,1.977,3.0,8,1
20,118,P,G,-7.032,2.037,2.333,6,P,H,-4.278,1.093,19.09,11,1
21,119,C,*,-6.62,3.353,9.0,6,C,*,-5.226,1.085,5.636,11,1
22,120,V,A,0.1049,0.6007,2.2,5,V,A,-0.4083,0.2267,14.18,11,1
23,121,K,I,-0.0487,0.6442,2.333,6,K,E,-0.06139,0.1504,16.82,11,1
24,122,L,A,0.2605,1.537,2.5,6,L,F,-4.264,2.18,3.455,11,1
25,123,T,*,-6.954,1.983,3.167,6,T,A,-0.1398,0.3877,9.818,11,1
26,124,P,A,-1.174,3.124,3.333,6,P,A,-0.5624,0.2611,6.636,11,1
27,125,L,*,-4.784,3.089,2.5,6,L,F,-3.467,1.074,13.82,11,1
28,126,C,A,-5.979,3.352,5.667,6,C,*,-4.848,0.7718,7.091,11,1
29,127,V,*,-6.745,1.819,8.0,6,V,A,-4.775,1.173,6.545,11,1
30,128,T,A,0.2447,0.8049,5.0,6,T,A,-0.2387,0.2378,13.36,11,1
31,129,L,*,-3.712,2.655,2.167,6,L,C,-5.057,1.055,9.091,11,1
32,130,N,A,-0.4759,0.4837,6.5,6,D,A,-0.9809,0.3948,19.18,11,0
33,131,C,*,-7.015,2.097,6.5,6,C,*,-5.095,1.431,6.818,11,1
34,132,T,A,0.00175,0.528,4.0,6,H,A,-0.1698,0.194,18.0,11,0
35,133,D,*,-6.084,2.323,5.833,6,N,A,-0.1277,0.4976,3.455,11,0
36,134,N,A,0.04884,0.5048,3.0,6,V,A,-0.3952,0.399,7.0,11,0
37,135,I,*,-6.469,1.97,7.5,6,T,A,-0.03523,0.147,11.36,11,0
38,136,T,-,0.2828,0.333,91.83,6,Y,*,-2.261,1.129,4.364,11,0
39,137,N,*,-6.086,2.041,6.167,6,N,A,0.02539,0.03791,4.0,3,1
40,138,T,A,0.5675,0.3395,8.333,6,I,A,0.1038,0.06383,11.36,11,0
41,139,N,*,-5.715,1.994,8.5,6,T,A,0.06568,0.6833,19.64,11,0
42,140,T,C,-0.8404,1.272,3.333,6,S,A,0.0274,0.1424,6.091,11,0
43,141,N,*,-3.869,2.803,7.5,6,D,A,0.08549,0.06999,18.18,11,0
44,142,S,-,-0.5875,0.9864,5.5,6,M,C,-1.772,0.9975,4.636,11,0
45,15,W,*,-6.324,1.953,21.83,6,L,M,-0.01547,0.1607,9.455,11,0
46,151,E,A,0.4622,1.974,4.5,6,K,A,-0.07197,0.1905,6.0,11,0
47,152,G,A,-0.09855,2.649,3.5,4,E,*,-4.69,1.194,16.82,11,0
48,153,E,*,-6.374,2.181,8.667,6,E,*,-4.474,1.35,10.0,11,1
49,154,M,*,-4.431,1.868,9.333,6,I,A,-5.191,1.122,12.36,11,0
50,155,K,A,-0.1837,0.4191,6.333,6,T,A,-0.09434,0.2783,24.73,11,0
51,156,N,*,-4.79,2.082,5.167,6,N,D,-4.818,1.14,14.45,11,1
52,157,C,*,-4.003,2.592,4.667,6,C,*,-3.519,1.661,4.182,11,1
53,158,S,A,-4.287,2.781,5.167,6,S,E,-3.942,1.933,10.09,11,1
54,159,F,A,-6.924,2.039,3.333,6,Y,*,-3.919,1.733,4.727,11,0
55,160,N,*,-6.24,2.132,4.667,6,N,D,-0.1019,0.2925,12.18,11,1
56,161,I,A,0.5317,0.414,5.667,6,V,A,-2.492,1.667,10.18,11,0
57,162,T,*,-7.091,2.155,4.5,6,T,A,-0.3185,0.2079,27.45,11,1
58,163,A,C,0.2428,1.332,8.833,6,T,A,-0.458,0.1587,25.0,11,0
59,164,G,*,-6.915,2.205,4.333,6,V,A,0.1276,0.04873,7.727,11,0
60,165,I,A,0.6699,0.4974,8.5,6,I,A,-0.1692,0.9216,12.73,11,1
61,166,R,*,-6.965,1.95,9.333,6,R,A,0.1366,0.02875,8.818,11,1
62,167,D,A,-0.3338,1.345,5.833,6,D,A,-1.026,0.6696,14.91,11,1
63,168,K,*,-7.093,1.944,5.0,6,K,A,0.1023,0.1378,5.182,11,1
64,169,V,A,0.5159,0.6236,4.667,6,K,A,0.1056,0.05004,3.273,11,0
65,17,W,*,-5.787,2.114,23.17,6,W,*,-4.803,1.311,9.364,11,1
66,170,K,*,-7.082,2.014,7.167,6,Q,*,-3.87,1.278,13.18,11,0
67,171,K,C,-2.312,1.658,4.5,6,K,A,0.06213,0.2068,2.545,11,1
68,172,E,*,-6.265,1.86,11.17,6,V,A,-0.1045,0.3043,5.545,11,0
69,173,Y,*,-4.885,2.494,8.5,6,S,A,-0.2409,0.2131,15.91,11,0
70,174,A,*,-7.164,3.115,6.833,6,S,A,-1.463,0.9811,11.91,11,0
71,175,L,A,-0.6271,2.523,5.667,6,L,A,-4.067,2.132,2.75,8,1
72,176,F,C,-3.378,2.26,2.25,4,F,I,-5.412,0.9804,26.91,11,1
73,177,Y,*,-5.369,1.76,7.167,6,Y,*,-5.156,1.786,4.182,11,1
74,178,K,*,-4.465,2.983,7.0,6,K,A,-0.02921,0.6216,3.4,10,1
75,179,L,G,0.0826,1.19,2.667,6,L,A,0.1099,0.361,9.182,11,1
76,18,G,C,0.00963,1.707,2.667,6,G,-,0.00455,0.7482,3.625,8,1
77,180,D,*,-7.05,2.39,5.0,6,D,E,-3.567,1.684,17.36,11,1
78,181,V,A,-4.627,2.333,6.667,6,V,A,-4.82,0.9566,9.727,11,1
79,182,V,*,-6.51,2.701,4.833,6,V,A,-0.5435,0.3703,28.91,11,1
80,183,P,A,-1.201,0.9151,2.5,4,Q,*,-5.333,0.9445,31.45,11,0
81,184,I,*,-7.154,2.09,4.667,6,I,A,-0.6662,0.5385,9.0,8,1
82,184a,E,*,-5.696,2.04,7.167,6,G,A,-0.2239,0.3575,12.45,11,0
83,184b,E,*,-7.21,1.976,14.17,6,G,A,-0.1351,0.172,15.73,11,0
84,185,D,A,0.1427,0.4743,6.667,6,N,-,-0.02456,0.138,5.636,11,0
85,186,K,*,-3.339,3.061,5.0,6,N,A,0.04455,0.2308,2.182,11,0
86,187,D,-,-0.7093,0.3703,3.0,2,R,A,-0.01753,0.2018,10.18,11,0
87,188,T,*,-6.662,1.905,6.0,6,T,A,0.03346,0.09399,17.73,11,1
88,189,T,A,0.8099,0.4342,7.333,6,N,A,0.07578,0.2952,8.091,11,0
89,19,T,A,0.4466,1.2,3.667,6,I,-,-0.2017,0.5831,2.909,11,0
90,190,T,*,-7.034,2.165,5.0,6,S,A,-0.1627,1.205,5.727,11,0
91,191,Y,*,-1.56,3.527,5.333,6,Y,*,0.03963,0.4369,2.455,11,1
92,192,R,*,-6.858,2.018,9.5,6,R,A,-0.5088,0.565,5.545,11,1
93,193,L,A,-6.293,2.288,4.0,6,L,F,0.003656,0.1455,7.273,11,1
94,194,R,A,0.7038,0.3467,7.5,6,I,A,-0.08766,0.2361,10.55,11,0
95,195,S,A,0.1496,1.252,3.333,6,N,A,-0.02155,0.6281,8.818,11,0
96,196,C,*,-3.755,1.952,2.833,6,C,*,-2.804,1.181,4.818,11,1
97,197,N,A,-4.505,2.391,2.833,6,N,C,-3.117,1.535,4.273,11,1
98,198,T,F,-0.4366,0.9524,4.0,2,T,A,-0.3409,0.3428,17.73,11,1
99,199,S,A,0.3406,0.7799,9.333,6,S,A,-0.5155,0.8018,7.909,11,1
100,2,R,G,0.5399,0.408,6.333,6,R,G,-0.01274,0.1258,12.55,11,1
101,20,M,I,-0.09377,2.146,15.67,6,M,-,-0.0217,0.145,2.909,11,1
102,200,V,A,0.3992,0.2899,5.167,6,A,*,-5.364,1.037,12.0,11,0
103,201,I,A,-0.8588,1.202,8.0,6,I,F,-3.858,1.195,43.64,11,1
104,202,T,A,-0.124,1.453,3.167,6,T,A,-0.4207,0.3724,34.91,11,1
105,203,Q,*,-3.848,4.403,4.0,2,Q,*,-5.416,1.028,8.0,8,1
106,204,A,D,-5.174,2.159,4.5,6,A,C,-0.6338,0.9773,3.727,11,1
107,205,C,*,-3.137,2.605,6.0,6,C,*,-4.726,1.221,7.091,11,1
108,206,P,A,-0.334,0.8193,4.0,6,P,C,-2.019,2.091,2.1,10,1
109,207,K,F,-4.476,3.33,2.667,6,K,E,-5.216,0.9503,11.09,11,1
110,208,V,C,-2.619,3.11,2.833,6,V,A,0.0603,0.07116,4.909,11,1
111,209,T,A,-0.04126,0.5031,6.333,6,T,A,-0.4779,0.3225,14.82,11,1
112,21,L,F,-0.1142,0.9133,6.667,6,I,-,-0.9883,0.5336,9.182,11,0
113,210,F,A,0.7332,0.45,2.833,6,F,A,-0.6497,0.408,10.36,11,1
114,211,E,*,-5.692,2.243,7.167,6,E,*,-4.444,1.501,20.0,11,1
115,212,P,A,-1.984,1.144,5.0,6,P,H,-2.626,0.9095,22.36,11,1
116,213,I,A,-4.284,3.2,2.833,6,I,A,-3.974,1.608,5.545,11,1
117,214,P,A,-0.3892,0.3211,8.833,6,P,A,0.04997,0.2404,7.727,11,1
118,215,I,A,-6.688,2.099,4.667,6,I,F,-1.657,0.4328,26.36,11,1
119,216,H,A,0.3357,0.3709,2.833,6,H,A,-0.5265,0.4897,3.727,11,1
120,217,Y,*,-2.849,3.588,2.5,6,Y,*,-5.432,1.808,6.091,11,1
121,218,C,*,-5.896,1.727,2.833,6,C,*,-4.396,2.787,8.545,11,1
122,219,A,C,-1.837,2.021,5.5,4,A,C,-0.3783,0.765,3.545,11,1
123,22,L,M,0.6252,1.661,2.833,6,L,-,-0.7765,1.481,9.182,11,1
124,220,P,A,-3.479,3.025,3.0,6,P,A,-1.837,1.897,3.455,11,1
125,221,A,C,-0.6643,3.477,5.5,6,A,C,-1.839,1.224,6.909,11,1
126,222,G,A,-0.8035,2.584,5.5,6,G,A,-1.028,0.5958,12.55,11,1
127,223,F,C,-5.678,2.422,5.667,6,F,I,-1.437,0.798,8.909,11,1
128,224,A,C,-4.999,2.338,5.0,4,A,D,-4.541,1.348,7.182,11,1
129,225,I,F,-2.854,1.485,3.5,6,I,M,-0.2021,0.6637,3.636,11,1
130,226,L,A,-1.503,0.9966,2.167,6,L,F,-1.209,0.6826,5.545,11,1
131,227,K,A,-1.127,0.8094,3.0,6,K,D,-2.113,1.774,3.545,11,1
132,228,C,*,-5.489,2.432,4.333,6,C,*,-5.064,1.236,6.273,11,1
133,229,N,A,-2.611,3.067,2.5,6,K,C,-0.07879,0.1488,10.82,11,0
134,23,G,C,0.3648,0.4203,8.5,6,G,-,-0.04517,0.2311,2.909,11,1
135,230,D,A,-0.2316,0.3582,5.167,6,D,A,-0.1102,0.2204,6.182,11,1
136,231,K,A,0.1966,0.3737,3.833,6,E,*,-4.723,1.202,12.82,11,0
137,232,K,C,-0.04056,0.6111,6.5,6,K,A,0.1083,0.08528,6.455,11,1
138,233,F,A,-1.891,2.838,3.833,6,F,H,-0.316,0.2488,12.0,11,1
139,234,N,A,0.07238,0.5847,5.333,6,N,C,-0.6111,1.464,4.545,11,1
140,235,G,A,-3.884,2.751,3.833,6,G,C,-4.314,1.252,14.64,11,1
141,236,T,A,0.5839,1.271,2.667,6,T,A,-0.1144,0.18,10.0,11,1
142,237,G,A,-1.35,1.021,4.667,6,G,A,-0.8775,0.5112,10.64,11,1
143,238,P,A,0.3255,0.2092,9.167,6,L,E,-0.04647,0.2805,7.0,11,0
144,239,C,*,-4.638,2.852,3.833,6,C,*,-4.766,1.014,9.727,11,1
145,24,M,I,0.1068,0.4069,19.5,6,M,-,-0.3345,0.2697,2.909,11,1
146,240,T,A,0.1776,0.6901,5.167,6,K,C,-0.1936,0.7243,5.364,11,0
147,241,N,A,-0.01505,2.461,2.833,6,N,D,-0.05766,0.4022,4.455,11,1
148,242,V,C,-1.288,2.062,2.667,6,V,C,-3.055,1.35,4.455,11,1
149,243,S,A,-2.703,1.172,3.833,6,S,G,-2.327,1.009,25.82,11,1
150,244,T,C,-0.1164,3.061,4.167,6,T,A,-0.5137,1.02,7.091,11,1
151,245,V,A,-2.428,1.426,3.333,6,V,A,-0.9932,1.119,4.273,11,1
152,246,Q,*,-7.397,2.266,16.33,6,Q,*,-5.299,1.128,28.55,11,1
153,247,C,*,-5.368,3.341,3.8,5,C,*,-2.676,2.243,2.455,11,1
154,248,T,A,-6.354,2.471,3.5,6,T,A,-3.542,1.836,7.455,11,1
155,249,H,A,-1.369,1.255,4.167,6,H,D,-0.4224,1.05,4.818,11,1
156,25,L,F,0.2603,0.3513,7.5,6,I,-,-0.1189,0.1815,2.909,11,0
157,250,G,A,-0.247,1.006,5.167,6,G,A,-0.1856,0.3189,22.45,11,1
158,251,I,C,-1.341,2.271,4.333,6,I,F,-0.9083,0.7329,5.091,11,1
159,252,R,A,-1.693,1.886,3.167,6,K,D,-0.2272,0.2904,3.364,11,0
160,253,P,A,0.5039,0.3084,3.5,2,P,A,-0.01576,0.3394,3.4,10,1
161,254,V,C,-1.907,0.4603,4.5,6,V,A,-0.1682,0.3362,3.727,11,1
162,255,V,A,-6.614,1.942,5.667,6,V,C,-3.102,0.856,4.0,3,1
163,256,S,A,-0.7581,1.895,2.333,6,S,A,-0.08081,0.4435,2.375,8,1
164,257,T,A,-3.986,2.5,2.667,6,T,A,-1.202,0.4452,6.182,11,1
165,258,Q,*,-6.86,2.291,3.25,4,Q,*,-1.022,1.246,2.727,11,1
166,259,L,-,-7.027,1.832,8.667,6,L,-,-4.38,1.962,13.91,11,1
167,26,M,I,-0.09382,0.3328,30.83,6,M,-,-0.2053,0.179,2.909,11,1
168,260,L,A,-6.238,2.476,4.0,4,L,F,0.06169,0.06428,3.625,8,1
169,261,L,A,-5.696,1.963,3.833,6,L,M,-0.684,0.6272,9.273,11,1
170,262,N,A,-3.303,2.884,2.833,6,N,I,-0.8102,0.9318,2.455,11,1
171,263,G,A,-1.952,1.598,2.167,6,G,A,-0.9914,0.5846,9.091,11,1
172,264,S,A,-6.993,2.057,3.333,6,S,G,-4.173,1.7,13.73,11,1
173,265,L,A,0.2205,0.7244,4.667,6,L,C,0.03701,0.9625,2.455,11,1
174,266,A,C,-2.258,2.907,4.5,6,A,C,0.02469,0.192,3.818,11,1
175,267,E,*,-6.966,1.917,10.5,6,E,*,-5.145,0.7997,18.0,11,1
176,268,E,*,-6.729,2.39,5.0,6,G,A,-0.05299,0.1601,11.27,11,0
177,269,E,*,-4.911,2.995,4.333,6,E,*,-4.62,0.7567,27.91,11,1
178,270,V,A,0.03362,0.4437,4.333,6,V,A,-0.03195,0.4572,4.182,11,1
179,271,V,A,0.0415,0.6291,4.5,6,R,C,-0.1382,0.2459,9.545,11,0
180,272,I,A,-0.3488,2.892,5.5,4,I,A,-0.05004,0.2845,7.727,11,1
181,273,R,A,-0.1594,0.4733,6.5,6,R,A,-0.121,0.1183,10.64,11,1
182,274,S,A,-0.1967,1.127,3.0,6,S,A,-0.1401,0.1444,14.45,11,1
183,275,E,*,-6.924,2.049,6.833,6,E,*,-4.584,1.289,11.18,11,1
184,276,N,C,-4.218,3.106,5.0,2,N,C,-1.008,0.8476,8.636,11,1
185,277,F,D,-3.921,1.54,2.75,4,I,F,-0.04999,0.1094,29.64,11,0
186,278,T,A,0.4162,0.3584,7.167,6,T,A,-0.04637,0.07256,10.82,11,1
187,279,N,A,-4.787,2.73,5.0,6,N,A,-2.099,1.374,4.909,11,1
188,28,Y,*,-7.294,3.203,3.0,6,C,*,-4.163,1.924,5.455,11,0
189,280,N,A,-6.478,1.962,6.333,6,N,D,-2.55,1.375,7.091,11,1
190,281,A,D,-6.438,1.687,12.83,6,A,D,-3.322,1.035,25.09,11,1
191,282,K,A,-0.8964,1.248,5.833,6,K,A,-2.814,2.259,7.0,11,1
192,283,T,A,-6.668,1.994,6.0,6,N,A,-0.6544,1.248,2.273,11,0
193,284,I,C,-2.9,1.769,2.5,6,I,F,-1.184,0.8735,17.64,11,1
194,285,I,A,-6.547,2.615,2.75,4,I,F,-0.7975,0.3565,30.91,11,1
195,286,V,A,-0.2022,0.5204,4.833,6,V,A,-0.3842,0.6288,4.818,11,1
196,287,Q,*,-6.085,1.973,8.833,6,Q,*,-4.863,1.036,22.82,11,1
197,288,L,A,-3.881,3.119,4.833,6,L,F,-0.1098,0.127,10.64,11,1
198,289,N,A,0.5264,2.798,7.167,6,A,C,-0.7912,0.5024,5.818,11,0
199,29,S,G,-0.1364,0.6365,6.667,6,S,G,-0.002649,0.4306,4.727,11,1
200,290,E,*,-6.72,2.124,5.667,6,S,A,0.02643,0.1132,19.0,11,0
201,291,S,A,0.04359,0.471,2.333,6,P,A,-0.6937,1.426,2.273,11,0
202,292,I,A,-2.974,2.841,5.0,4,V,A,-0.7702,0.4315,11.55,11,0
203,293,A,D,-0.03133,0.3627,10.83,6,T,A,0.009232,0.1207,18.09,11,0
204,294,I,A,-0.6096,2.77,2.833,6,I,L,0.02756,0.09767,9.273,11,1
205,295,N,A,0.1478,0.3714,3.833,6,N,-,-1.429,1.851,2.273,11,1
206,296,C,*,-5.608,2.458,5.833,6,C,*,-4.122,2.088,6.727,11,1
207,297,T,A,0.3468,0.486,3.833,6,I,A,-0.8125,0.6135,7.273,11,0
208,298,R,A,-1.521,0.9082,4.0,6,R,G,-5.374,0.8656,12.27,11,1
209,299,P,A,0.7544,0.2482,4.0,6,P,A,-0.0622,0.4804,7.0,11,1
210,3,I,T,0.06875,1.624,2.167,6,V,M,0.05336,0.1734,8.545,11,0
211,30,A,D,-0.7823,1.633,7.167,6,V,E,-0.1674,0.3226,4.625,8,0
212,300,N,-,-4.638,2.489,16.17,6,N,*,-4.775,0.8352,16.55,11,1
213,301,N,A,0.1257,0.7147,5.167,6,N,D,-5.057,1.677,3.909,11,1
214,302,N,D,-4.403,3.522,2.167,6,N,A,-1.73,1.905,13.64,11,1
215,303,T,A,-1.203,0.955,3.667,6,T,A,-5.218,0.9937,22.18,11,1
216,304,R,C,-0.831,1.245,2.167,6,R,A,-1.347,1.146,5.727,11,1
217,305,R,A,-0.783,2.909,2.2,5,K,A,-0.07055,0.5628,4.0,11,0
218,306,S,A,0.2608,0.7836,3.0,6,S,A,-0.8562,1.608,5.0,11,1
219,307,I,A,-3.99,3.051,2.333,6,V,A,-5.198,1.6,3.545,11,0
220,308,H,A,-0.0914,0.6769,6.167,6,H,C,-4.87,2.269,5.455,11,1
221,309,I,A,-1.096,3.176,3.167,6,L,H,-1.032,1.628,7.0,11,0
222,31,A,*,-3.78,2.932,7.5,6,A,C,0.07125,0.2982,12.82,11,1
223,312,G,A,-0.2815,2.829,3.667,6,G,C,-3.974,2.024,13.09,11,1
224,313,P,A,-2.251,2.688,2.5,6,P,A,-0.6723,1.599,3.182,11,1
225,314,G,A,-1.293,2.423,4.667,6,G,C,-5.577,0.6408,15.0,11,1
226,315,R,A,-3.085,3.454,3.833,6,Q,*,-4.891,0.9251,4.273,11,0
227,316,A,C,-1.871,2.449,5.833,6,A,C,-1.777,1.145,3.727,11,1
228,317,F,C,-4.486,2.557,4.833,6,F,A,-1.831,2.024,2.545,11,1
229,318,Y,*,-6.094,1.638,8.167,6,A,D,-5.42,0.9414,39.82,11,0
230,319,A,-,-2.276,2.393,3.0,4,T,A,-0.02155,0.1085,12.64,11,0
231,32,E,*,-6.984,2.176,11.5,6,G,A,-0.02846,0.1551,16.09,11,0
232,320,T,-,-1.656,2.314,3.0,4,D,A,-0.07539,0.0945,27.0,11,0
233,321,G,-,-1.786,1.723,6.0,6,G,-,0.09121,0.5423,2.727,11,1
234,322,D,-,-2.098,2.298,6.0,6,I,A,-4.785,2.078,3.545,11,0
235,323,I,-,-0.3534,2.064,5.333,6,I,-,-0.6546,0.7201,2.545,11,1
236,324,G,A,-0.5726,1.024,3.667,6,G,C,-5.141,0.8202,32.0,11,1
237,325,D,C,-0.8625,1.596,3.833,6,E,*,-3.267,1.598,16.82,11,0
238,326,I,A,0.03504,3.098,2.5,6,I,A,-5.155,1.254,8.818,11,1
239,327,R,C,0.02833,0.3943,11.33,6,R,G,-5.183,0.9404,19.36,11,1
240,328,Q,*,-6.321,1.815,6.167,6,Q,*,-4.406,2.096,6.636,11,1
241,329,A,C,-0.8006,1.374,3.5,6,A,D,-4.268,1.378,17.27,11,1
242,33,Q,*,-7.418,2.034,12.67,6,N,A,-0.08962,0.4624,9.182,11,0
243,330,H,A,-0.9216,1.009,4.167,6,H,A,-0.2464,0.5448,3.818,11,1
244,331,C,*,-6.03,2.088,3.833,6,C,*,-5.555,1.161,6.818,11,1
245,332,N,A,0.06144,0.3352,5.833,6,N,D,-1.218,1.219,8.364,11,1
246,333,I,A,-1.621,1.147,4.333,6,V,F,-4.973,1.929,6.091,11,0
247,334,S,A,0.3894,0.596,2.5,6,S,A,-0.6132,0.8368,5.0,11,1
248,335,R,A,0.2415,0.5102,6.833,6,K,A,0.09924,0.05348,3.0,11,0
249,336,T,A,0.5415,0.5096,6.333,6,K,A,0.01765,0.3918,2.273,11,0
250,337,E,*,-3.297,2.676,7.333,6,E,*,-5.024,0.765,15.64,11,1
251,338,W,*,-7.023,2.003,19.33,6,W,*,-5.377,1.116,13.36,11,1
252,339,N,A,0.2027,0.3393,5.5,6,N,A,-0.2923,2.693,2.714,7,1
253,34,L,A,-0.1607,2.558,4.333,6,L,D,-1.591,0.7522,7.818,11,1
254,340,S,A,0.08579,0.7257,5.167,6,S,A,0.01813,0.3991,6.364,11,1
255,341,T,D,-5.268,2.383,2.333,6,T,A,0.05336,0.07299,29.64,11,1
256,342,L,A,-2.736,1.688,4.667,6,L,F,-1.89,1.331,4.0,3,1
257,343,R,A,0.3796,0.2693,5.0,6,Q,A,0.0489,0.3996,5.182,11,0
258,344,Q,*,-1.73,2.329,3.167,6,K,D,0.05257,0.194,11.09,11,0
259,345,I,A,0.06148,0.5029,4.167,6,V,A,-0.1017,0.5639,4.0,11,0
260,346,V,A,-0.2122,0.7437,9.5,6,A,D,-5.141,0.7213,50.91,11,0
261,347,T,A,-0.2889,0.5318,5.0,6,N,A,-0.09978,0.2805,3.0,8,0
262,348,K,A,0.08393,0.6353,4.833,6,Q,*,-2.843,1.436,4.455,11,0
263,349,L,A,-1.017,0.7412,6.0,6,L,F,-0.3985,0.27,13.73,11,1
264,35,W,*,-5.662,1.816,16.67,6,W,*,-5.414,2.139,6.091,11,1
265,350,R,A,-2.82,2.43,3.0,6,R,E,-1.338,0.699,12.27,11,1
266,351,E,*,-4.303,2.147,4.167,6,P,A,-0.3184,0.33,7.727,11,0
267,352,Q,*,-7.251,2.089,15.83,6,Y,*,-1.281,1.41,2.727,11,0
268,353,L,A,-0.9774,2.541,4.0,6,F,A,-1.764,0.5677,9.909,11,0
269,354,G,A,-0.223,1.268,3.333,6,K,A,0.03413,0.2515,6.273,11,0
270,355,D,A,-0.01573,0.3079,10.5,6,N,-,-0.1679,1.001,2.455,11,0
271,356,N,A,-1.068,0.8395,2.25,4,N,C,-0.05943,0.4013,2.455,11,1
272,357,K,A,-0.7233,0.8284,7.5,6,T,A,-0.1222,0.1348,24.64,11,0
273,358,T,A,-0.2596,1.183,5.333,6,I,A,0.1077,0.4765,6.0,11,0
274,359,I,A,-4.809,2.037,4.0,6,I,A,-0.8048,1.659,2.545,11,1
275,36,V,A,-1.138,1.52,3.667,6,V,A,-0.1358,0.1919,9.0,11,1
276,360,I,A,-0.9396,2.181,3.0,6,K,A,-0.1742,1.616,3.818,11,0
277,361,F,A,-6.649,2.55,6.833,6,F,A,-5.303,0.9572,13.64,11,1
278,362,N,C,-1.251,1.047,3.667,6,A,C,0.01449,0.2102,7.091,11,0
279,363,Q,*,-4.351,2.661,3.0,6,N,-,0.1251,0.37,2.636,11,0
280,364,S,A,-0.8042,0.7173,4.333,6,S,A,-0.3178,0.4279,14.45,11,1
281,365,S,C,-6.857,1.906,5.833,6,S,G,-2.785,0.845,29.91,11,1
282,366,G,-,-2.043,2.53,4.167,6,G,-,-3.498,1.5,5.273,11,1
283,367,G,-,-1.115,0.8413,2.5,6,G,C,-5.186,1.107,21.27,11,1
284,368,D,-,-0.8504,1.127,3.167,6,D,-,-0.4587,1.704,2.545,11,1
285,369,T,-,-0.357,0.6798,2.833,6,L,-,-0.2665,0.333,4.545,11,0
286,37,T,*,-6.119,2.045,4.667,6,T,A,-1.236,0.2934,16.91,11,1
287,370,E,*,-5.224,2.806,6.167,6,E,*,-5.344,1.026,14.91,11,1
288,371,I,-,-0.3123,1.498,2.5,6,I,L,-2.076,2.426,4.273,11,1
289,372,T,-,-0.9892,0.7086,2.5,6,T,A,-0.03261,0.1188,15.09,11,1
290,373,M,-,-0.3888,1.942,2.5,6,T,A,-0.1536,0.1733,12.09,11,0
291,374,H,-,-0.2042,1.048,2.5,6,H,-,-4.011,2.003,4.364,11,1
292,375,S,-,-0.8239,1.198,2.5,6,S,A,-0.1055,0.1469,6.909,11,1
293,376,F,-,0.1041,0.91,2.5,6,F,C,-0.9803,1.48,3.091,11,1
294,377,N,-,0.1949,1.631,2.5,6,N,-,0.002256,0.3672,2.182,11,1
295,378,C,*,-6.23,2.067,6.333,6,C,*,-3.361,2.198,4.909,11,1
296,379,G,A,-0.9539,0.8264,7.333,6,G,A,-0.01368,0.1448,12.18,11,1
297,38,V,A,-4.247,2.721,2.167,6,V,I,0.03053,0.1183,9.727,11,1
298,380,G,A,-0.6966,0.5044,4.833,6,G,C,-4.154,0.8459,22.18,11,1
299,381,E,*,-6.599,2.06,7.0,6,E,*,-5.38,1.192,16.55,11,1
300,382,F,A,-2.138,2.168,2.333,6,F,I,-4.815,2.344,2.818,11,1
301,383,F,C,-3.082,2.083,3.5,6,F,C,-5.158,0.6886,25.45,11,1
302,384,Y,*,-5.426,2.913,3.333,6,Y,*,-5.0,1.987,5.909,11,1
303,385,C,*,-2.297,2.786,3.667,6,C,*,-5.263,0.8968,8.091,11,1
304,386,N,A,-1.016,0.6967,5.167,6,N,C,-0.01469,0.1726,5.364,11,1
305,387,T,A,-6.511,2.064,6.167,6,T,A,-2.986,1.631,9.545,11,1
306,388,T,A,-1.519,1.54,5.5,6,S,A,-0.09904,0.106,7.091,11,0
307,389,K,A,0.2792,0.5338,2.333,6,G,*,-5.247,0.9232,25.55,11,0
308,39,Y,*,-7.449,2.153,13.5,6,Y,*,-1.076,2.295,7.182,11,1
309,390,L,A,-2.285,1.942,3.5,6,L,I,-0.2009,0.2569,12.09,11,1
310,391,F,A,-6.711,1.727,6.167,6,F,I,-5.728,1.278,21.36,11,1
311,392,N,C,-0.1367,0.4933,5.333,6,N,A,-0.00604,0.1865,4.364,11,1
312,393,S,C,-1.345,0.5873,4.5,6,S,A,-1.097,1.049,16.45,11,1
313,394,T,A,-0.377,1.469,5.333,6,T,A,-0.03988,0.1524,22.55,11,1
314,395,W,*,-6.681,2.079,27.17,6,W,*,-5.457,1.348,15.0,11,1
315,4,R,G,0.0162,1.331,4.833,6,K,E,0.0639,0.208,4.091,11,0
316,40,Y,*,-5.659,2.666,6.833,6,Y,*,-1.228,1.8,4.455,11,1
317,406,N,A,0.4758,0.3362,3.333,6,N,A,0.002241,0.1819,3.182,11,1
318,407,T,C,-1.679,1.558,2.167,6,N,A,-0.1069,0.4031,3.4,10,0
319,408,T,I,-0.3358,0.7963,3.167,6,S,A,-0.008987,0.9154,8.636,11,0
320,409,E,*,-5.315,1.773,5.167,6,N,A,0.09032,0.03638,5.545,11,0
321,41,G,*,-6.897,2.309,3.0,6,G,C,-5.34,1.381,13.18,11,1
322,410,S,A,-0.4408,0.5187,7.167,6,S,A,0.0791,0.06192,7.818,11,1
323,411,D,A,-0.1207,1.572,3.167,6,T,A,0.03563,0.1124,16.18,11,0
324,412,S,C,-0.673,0.8426,6.167,6,E,*,-3.121,1.21,15.09,11,0
325,413,T,A,-1.362,1.015,2.833,6,N,A,-1.452,2.014,3.727,11,0
326,414,I,C,-5.905,2.043,4.667,6,I,E,-0.4782,0.3611,4.909,11,1
327,415,T,A,0.1141,1.126,6.5,6,T,A,-0.3128,0.3227,18.18,11,1
328,416,L,D,-6.747,2.037,8.333,6,L,C,-1.816,0.8429,9.545,11,1
329,417,P,A,-0.4471,1.845,5.0,6,Q,*,-5.263,0.8033,24.45,11,0
330,418,C,*,-4.417,2.008,6.167,6,C,*,-4.75,2.016,7.0,11,1
331,419,R,A,0.3125,0.1671,6.833,6,R,C,-2.148,1.27,11.45,11,1
332,42,V,A,-2.588,2.551,6.667,6,V,A,-4.369,2.5,4.909,11,1
333,420,I,A,-1.671,1.36,3.833,6,I,K,-4.136,2.409,3.818,11,1
334,421,K,A,0.4744,0.3947,5.0,6,K,*,-0.05623,1.412,4.0,8,1
335,422,Q,*,-6.867,2.012,11.33,6,Q,*,-4.465,0.9744,16.27,11,1
336,423,I,A,-3.091,2.265,2.667,6,I,-,-3.441,2.407,2.455,11,1
337,424,I,A,-0.0351,1.008,3.0,6,I,K,-1.859,1.326,3.25,8,1
338,425,N,A,0.0018,0.8754,5.0,6,N,A,-0.06337,0.548,3.273,11,1
339,426,L,A,0.3178,0.5346,3.833,6,M,A,-0.1545,0.3135,7.545,11,0
340,427,W,*,-7.018,2.249,11.17,6,W,*,-3.825,1.673,8.818,11,1
341,428,Q,*,-5.107,2.754,5.167,6,Q,*,-4.875,0.8396,9.545,11,1
342,429,E,*,-6.705,1.991,11.17,6,R,A,0.005235,0.3668,2.875,8,0
343,43,P,*,-3.859,3.13,3.833,6,P,H,-4.8,1.15,12.73,11,1
344,430,V,A,-0.9171,0.9545,4.0,6,A,D,-2.754,0.9092,36.82,11,0
345,431,G,A,-1.606,1.484,2.833,6,G,A,-0.2828,1.125,6.273,11,1
346,432,K,C,-4.42,3.022,3.5,6,Q,*,-3.023,1.472,4.636,11,0
347,433,A,C,-2.087,0.8496,4.167,6,A,D,-0.633,0.6639,12.91,11,1
348,434,M,A,0.5263,0.5474,3.833,6,I,K,-4.122,1.218,13.36,11,0
349,435,Y,*,-6.664,2.396,7.0,6,Y,*,-3.121,1.346,2.727,11,1
350,436,A,C,-4.963,3.349,4.833,6,A,D,-5.233,1.097,12.73,11,1
351,437,P,A,0.5458,0.3968,7.333,6,P,A,-0.2836,0.2541,8.364,11,1
352,438,P,A,-0.4333,1.708,4.5,6,P,A,-0.9534,1.429,4.818,11,1
353,439,I,A,0.3693,0.4859,4.333,6,I,G,-3.311,1.718,4.0,8,1
354,44,V,A,-2.436,2.654,4.833,6,V,A,-0.06477,0.216,4.455,11,1
355,440,K,A,-0.7139,1.221,5.333,6,P,A,0.02785,0.2163,3.273,11,0
356,441,G,A,0.09245,0.6417,6.333,6,G,A,-1.698,2.282,13.18,11,1
357,442,Q,*,-7.107,2.16,12.83,6,V,A,0.003271,0.1916,10.91,11,0
358,443,I,A,0.2003,0.6137,3.0,6,I,C,-0.4084,0.848,3.727,11,1
359,444,S,A,0.04154,0.5397,2.667,6,R,A,0.06299,1.743,2.545,11,0
360,445,C,*,-6.51,1.955,6.667,6,C,*,-4.263,2.567,5.455,11,1
361,446,S,A,0.2162,0.4547,4.167,6,K,A,-0.0734,0.1164,5.455,11,0
362,447,S,A,-0.7254,0.8311,3.0,4,S,A,-0.4301,0.9473,3.727,11,1
363,448,N,D,0.7532,0.9245,2.667,6,N,-,-0.2454,0.3017,2.364,11,1
364,449,I,P,-0.4924,1.407,5.5,6,I,-,-3.156,1.82,2.875,8,1
365,45,W,*,-7.276,1.953,32.83,6,W,*,-3.821,1.509,20.27,11,1
366,450,T,A,-2.749,2.373,3.5,6,T,-,-0.0429,0.3254,2.875,8,1
367,451,G,C,-6.542,2.089,7.333,6,G,A,-0.9612,0.3283,28.64,11,1
368,452,L,A,-1.625,2.613,3.833,6,L,F,-0.5311,0.3199,12.73,11,1
369,453,L,A,-2.899,3.134,3.167,6,I,F,-0.617,0.5944,20.45,11,0
370,454,L,C,-7.151,1.987,7.333,6,L,D,-3.954,1.362,9.091,11,1
371,455,T,I,-4.021,3.214,7.333,6,T,-,0.05116,0.05167,2.875,8,1
372,456,R,*,-6.833,2.132,11.17,6,R,-,0.05272,0.1432,2.875,8,1
373,457,D,E,-1.494,2.878,6.333,6,D,-,0.06781,0.09435,2.875,8,1
374,458,G,A,-4.571,3.515,3.833,6,G,-,0.03583,0.0834,2.875,8,1
375,459,G,C,-7.129,1.945,7.333,6,G,A,-1.703,2.374,3.091,11,1
376,46,K,E,-3.537,2.856,6.167,6,K,E,-0.4214,1.359,10.18,11,1
377,460,N,-,-0.7645,1.081,2.333,6,S,-,0.06884,0.2741,2.727,11,0
378,461,N,A,-1.337,1.822,3.833,6,N,-,-0.03244,0.3155,2.455,11,1
379,462,N,A,-0.2548,0.5019,4.833,6,K,C,0.1124,0.04288,9.818,11,0
380,463,S,C,0.3468,0.2733,9.667,6,N,C,0.04395,0.06773,8.0,11,0
381,464,S,C,0.3086,0.6306,4.667,6,T,A,-0.1612,0.2019,17.64,11,0
382,465,G,A,0.5949,0.841,3.0,6,S,A,0.0678,0.1177,4.909,11,0
383,466,E,*,-6.865,1.925,9.0,6,E,*,-5.012,0.7337,20.73,11,1
384,467,T,I,0.02405,3.331,2.5,6,T,A,-1.138,0.5161,18.82,11,1
385,468,F,A,-4.809,2.351,3.333,6,F,I,-1.078,0.4369,51.36,11,1
386,469,R,A,-4.289,1.707,5.333,6,R,G,-4.1,1.513,19.18,11,1
387,47,D,*,-6.956,1.918,7.5,6,D,A,-0.04979,0.5869,5.455,11,1
388,470,P,A,-6.543,2.214,2.2,5,P,-,-5.425,1.407,11.45,11,1
389,471,G,-,-6.982,2.375,4.167,6,G,-,-4.614,1.761,8.364,11,1
390,472,G,A,-7.479,2.005,11.5,6,G,C,-5.337,0.9202,26.91,11,1
391,473,G,A,-7.287,3.702,3.167,6,G,C,-5.6,0.8451,27.18,11,1
392,474,N,-,-3.625,3.647,3.0,2,D,-,-5.082,0.981,3.636,11,0
393,475,M,A,-5.864,2.742,2.5,6,M,-,-0.7062,0.5553,5.636,11,1
394,476,K,A,-0.597,0.7904,3.167,6,R,*,-1.548,1.102,2.333,3,0
395,477,D,A,-7.042,2.152,7.0,6,D,E,-1.654,1.042,37.18,11,1
396,478,N,A,-6.649,1.835,5.5,6,N,C,-0.0638,0.4245,4.818,11,1
397,479,W,*,-7.112,1.982,25.33,6,W,*,-4.081,1.12,14.55,11,1
398,48,A,C,-0.4238,0.5675,10.33,6,A,C,-0.004277,0.1649,8.455,11,1
399,480,R,A,0.3348,0.5987,4.167,6,R,*,-1.562,1.676,3.0,8,1
400,481,S,A,0.0701,2.919,2.333,6,S,A,-0.07952,0.2688,7.0,11,1
401,482,E,*,-5.551,2.039,10.0,6,E,*,-5.346,0.9276,21.45,11,1
402,483,L,A,-0.9708,2.389,5.0,6,L,I,-0.8053,0.5552,11.09,11,1
403,484,Y,*,-7.095,2.429,6.333,6,Y,*,-5.306,2.444,4.727,11,1
404,485,K,A,-1.525,2.097,5.667,6,K,A,-0.18,0.3201,4.818,11,1
405,486,Y,*,-3.503,2.25,4.0,6,Y,*,-3.782,2.337,4.0,11,1
406,487,K,A,-7.1,2.235,6.5,6,K,D,-2.836,2.376,2.273,11,1
407,488,V,A,0.3669,0.6541,7.333,6,V,A,-0.1069,0.2116,6.182,11,1
408,489,I,A,-0.1522,1.013,4.833,6,V,A,-2.971,1.6,8.545,11,0
409,49,S,*,-6.476,2.432,9.167,6,E,*,-5.522,1.124,23.0,11,0
410,490,K,A,-1.272,2.27,6.0,6,K,C,0.03951,0.6135,2.182,11,1
411,491,I,A,-2.5,0.9638,6.5,6,I,L,0.08106,0.2809,3.909,11,1
412,492,E,*,-3.693,2.901,4.0,6,E,*,-4.304,1.736,15.09,11,1
413,493,P,A,-0.9499,0.9899,3.833,6,P,A,-0.3481,0.7049,5.0,11,1
414,494,L,A,-7.269,2.078,3.167,6,I,F,-1.471,1.793,3.909,11,0
415,495,G,A,-0.6048,0.4021,8.833,6,G,C,-3.433,0.9222,28.82,11,1
416,496,V,A,-4.648,2.726,3.667,6,V,H,-2.173,2.22,5.0,3,1
417,497,A,D,-5.053,1.714,6.0,6,A,D,-5.809,0.9112,48.0,11,1
418,498,P,C,-6.291,3.263,3.167,6,P,H,-5.114,1.552,17.27,11,1
419,499,T,A,-5.184,1.345,2.5,6,T,I,-0.4411,2.158,4.273,11,1
420,5,K,N,-0.3619,3.195,9.0,6,M,I,-0.004725,0.2335,29.64,11,0
421,50,T,A,-0.8352,0.7053,7.167,6,T,A,-0.09352,1.051,8.182,11,1
422,500,R,A,0.249,0.6951,6.333,6,R,D,-2.614,2.076,2.545,11,1
423,501,A,C,-2.569,1.896,3.167,6,A,D,-5.171,1.382,6.545,11,1
424,502,K,A,-3.864,2.63,7.167,6,K,E,-2.785,0.962,8.182,11,1
425,503,R,A,-6.485,1.844,13.17,6,R,I,-5.117,2.158,5.909,11,1
426,504,R,A,-0.000105,0.4527,11.5,6,R,C,-1.584,0.9864,2.636,11,1
427,505,V,A,-0.4948,0.8144,4.0,6,V,A,0.02727,0.1895,5.727,11,1
428,506,V,A,-0.8236,1.273,5.833,6,V,A,-1.973,1.264,7.545,11,1
429,507,Q,*,-6.268,2.223,2.5,6,E,*,-5.513,1.298,22.09,11,0
430,508,R,A,-1.187,1.361,4.667,6,R,E,-4.754,0.6375,16.36,11,1
431,509,E,*,-5.857,2.979,4.0,6,E,*,-5.324,1.127,13.09,11,1
432,51,T,*,-5.984,2.139,4.833,6,T,A,0.03681,0.4207,5.273,11,1
433,510,K,A,-0.7819,1.792,5.833,6,K,C,-2.356,1.737,4.2,10,1
434,511,R,*,-6.187,2.477,5.333,6,R,G,-0.2837,2.279,9.182,11,1
435,512,A,D,-0.4609,0.6057,13.33,6,A,D,-0.2748,0.2032,41.82,11,1
436,513,V,A,-1.32,0.7987,2.333,6,V,A,-0.282,1.003,9.364,11,1
437,514,G,A,-0.6063,0.7597,4.0,6,G,A,-0.3121,0.1629,29.64,11,1
438,515,L,C,-6.782,2.395,3.167,6,I,-,-0.3934,0.466,4.091,11,0
439,516,G,A,-0.3973,1.05,7.667,6,G,-,-0.2971,0.3066,4.727,11,1
440,517,A,C,-7.336,2.139,5.333,6,A,-,-0.1799,0.3314,4.0,8,1
441,518,M,A,0.3991,1.481,2.833,6,V,-,-0.1649,0.4519,4.0,8,0
442,519,F,A,-2.692,2.524,6.167,6,F,-,-1.647,1.297,5.0,8,1
443,52,L,A,-7.063,1.986,8.333,6,L,M,-0.3522,0.1531,50.36,11,1
444,520,L,A,0.4935,0.3168,4.667,6,I,-,-0.3844,0.5435,2.455,11,0
445,521,G,A,-1.357,2.218,2.833,6,G,C,-3.876,1.067,24.18,11,1
446,522,F,A,-2.978,2.389,4.333,6,F,I,-3.012,1.084,10.91,11,1
447,523,L,A,-5.518,3.098,2.667,6,L,M,-0.6035,0.4663,25.64,11,1
448,524,G,-,-0.5093,1.036,2.333,6,G,-,-0.5541,0.7502,9.545,11,1
449,525,A,-,-0.9025,1.63,5.667,6,A,-,-0.1444,0.5678,10.27,11,1
450,526,A,-,-1.073,1.935,5.667,6,A,-,-0.1838,0.6506,9.545,11,1
451,527,G,-,-0.2705,1.251,6.667,6,G,-,-0.2734,0.3834,9.545,11,1
452,528,S,*,-7.034,3.085,4.667,6,S,-,-0.9869,0.4683,11.73,11,1
453,529,T,-,-1.417,1.345,6.667,6,T,-,-0.2918,0.8519,11.73,11,1
454,53,F,*,-5.838,3.247,2.333,6,F,C,-5.301,1.477,11.18,11,1
455,530,M,-,-2.018,1.892,5.667,6,M,-,-0.1973,0.315,11.73,11,1
456,531,G,-,-0.2559,0.4459,3.667,6,G,-,-0.005041,0.291,4.0,8,1
457,532,A,C,-5.998,1.832,4.75,4,A,-,-0.5248,0.4149,4.0,8,1
458,533,A,C,-6.756,2.079,8.333,6,A,-,-0.1782,0.3889,3.0,8,1
459,534,S,F,-6.636,2.235,3.5,6,S,-,-0.05924,0.4174,2.455,11,1
460,535,V,A,-0.9905,2.516,5.167,6,V,A,0.08652,0.639,4.455,11,1
461,536,T,A,0.05535,2.297,4.333,6,T,A,0.09884,0.1118,9.636,11,1
462,537,L,A,-2.406,1.636,4.667,6,L,M,-0.3534,0.174,41.09,11,1
463,538,T,A,-0.5235,2.255,11.83,6,T,A,-0.594,0.3216,23.91,11,1
464,539,V,A,0.2939,0.8234,6.333,6,V,A,-0.03783,0.2149,4.364,11,1
465,54,C,*,-6.62,2.258,4.5,6,C,*,-3.069,1.971,4.636,11,1
466,540,Q,*,-7.369,2.171,8.5,6,Q,*,-5.078,0.9143,33.82,11,1
467,541,A,C,-1.204,0.4832,4.833,6,A,D,-3.523,0.843,21.09,11,1
468,542,R,A,0.1166,1.036,4.5,6,R,G,-0.9063,1.926,3.091,11,1
469,543,L,A,0.2499,1.56,8.333,6,Q,*,-1.864,1.525,2.909,11,0
470,544,L,A,-0.4343,0.3771,4.833,6,L,E,-0.02649,1.943,2.727,11,1
471,545,L,A,-0.6442,0.5819,8.0,6,L,F,-0.8493,1.166,2.455,11,1
472,546,S,H,-1.39,1.524,5.333,6,S,C,-0.223,0.263,3.0,8,1
473,547,G,C,-1.126,1.572,4.833,6,G,C,-0.3921,0.2581,16.55,11,1
474,548,I,A,-1.548,2.4,5.833,6,I,M,-0.5455,0.4715,6.0,11,1
475,549,V,-,-2.55,0.8068,3.0,2,V,A,-0.2755,0.3003,14.0,11,1
476,55,A,*,-6.578,2.223,5.0,6,A,D,-4.517,2.042,16.36,11,1
477,550,Q,*,-4.461,3.272,4.5,6,Q,*,-4.586,1.194,21.73,11,1
478,551,Q,*,-4.192,3.422,3.833,6,Q,*,-5.307,1.264,9.636,11,1
479,552,Q,*,-5.383,2.186,2.667,6,Q,*,-1.863,2.102,4.545,11,1
480,553,N,D,0.7324,0.6304,6.0,4,S,I,-0.003615,0.618,5.545,11,0
481,554,N,F,-2.162,3.117,2.167,6,N,K,-0.6433,0.3947,2.667,3,1
482,555,L,A,-4.189,3.104,4.833,6,L,M,0.05198,0.2546,16.64,11,1
483,556,L,H,-5.601,2.687,3.333,6,L,H,-1.098,1.3,6.727,11,1
484,557,R,D,-1.558,1.821,3.0,6,R,*,-1.005,1.598,2.727,11,1
485,558,A,D,-6.825,2.477,5.167,6,A,C,-4.104,1.021,6.818,11,1
486,559,I,C,-3.381,2.147,2.75,4,I,F,-4.385,1.138,9.727,11,1
487,56,S,C,-2.42,1.061,3.8,5,S,C,-0.2493,0.4681,2.727,11,1
488,560,E,*,-7.189,3.115,4.333,6,E,*,-4.3,1.675,17.0,11,1
489,561,A,C,-6.857,2.128,7.333,6,A,C,-4.443,0.918,8.727,11,1
490,562,Q,A,-0.6855,1.315,3.833,6,Q,*,-3.888,1.915,2.545,11,1
491,563,Q,*,-6.102,1.968,6.667,6,Q,*,-5.493,0.891,23.45,11,1
492,564,H,A,0.3055,0.4498,2.667,6,H,D,-4.309,1.717,4.636,11,1
493,565,M,A,-0.9749,2.958,2.333,6,L,F,-1.725,1.358,7.091,11,0
494,566,L,A,-2.599,2.683,2.833,6,L,F,-0.4162,0.4003,13.45,11,1
495,567,Q,*,-3.162,2.495,11.5,6,K,E,-5.484,1.008,29.91,11,0
496,568,L,A,-3.261,2.645,2.833,6,L,M,-0.3499,0.3566,8.0,11,1
497,569,T,I,-7.421,2.061,9.167,6,T,A,-4.895,1.667,34.18,11,1
498,57,D,*,-7.383,2.166,10.0,6,D,A,-0.1457,0.1484,19.45,11,1
499,570,V,*,-4.631,3.558,3.167,6,V,A,-1.0,0.6633,5.636,11,1
500,571,W,*,-6.437,1.886,24.5,6,W,*,-3.987,0.9192,16.18,11,1
501,572,G,*,-3.868,1.951,2.667,6,G,C,-3.67,1.279,17.91,11,1
502,573,I,A,-2.444,1.849,4.333,6,I,A,-0.02767,0.3488,4.545,11,1
503,574,K,D,-4.929,2.331,4.833,6,K,E,-1.954,1.628,2.455,11,1
504,575,Q,*,-7.282,2.004,5.333,6,Q,*,-5.362,0.9676,12.91,11,1
505,576,L,A,-1.915,2.301,2.833,6,L,M,-0.3588,0.19,8.545,11,1
506,577,Q,*,-4.207,3.111,5.0,6,Q,*,-4.273,1.386,13.73,11,1
507,578,A,C,-1.849,2.33,6.5,6,A,D,-4.524,1.007,18.55,11,1
508,579,R,C,-6.788,2.028,5.667,6,R,G,-4.813,1.06,8.455,11,1
509,58,A,C,-6.765,1.906,7.833,6,A,C,-4.133,1.903,12.0,11,1
510,580,V,C,-4.447,3.681,5.0,6,V,L,-0.1524,0.6882,4.182,11,1
511,581,L,A,0.1861,1.124,2.333,3,L,I,0.06966,0.1588,5.455,11,1
512,582,A,C,0.4061,0.9825,6.0,6,A,D,-3.937,1.242,26.0,11,1
513,583,V,A,-6.78,2.024,5.833,6,V,A,-3.153,0.9914,6.0,11,1
514,584,E,*,-5.93,3.493,3.5,6,E,*,-5.185,1.116,16.36,11,1
515,585,R,C,-5.795,2.236,2.333,6,R,G,-0.1735,0.3583,5.818,11,1
516,586,Y,*,-6.046,3.461,4.167,6,Y,*,-1.819,1.367,2.909,11,1
517,587,L,A,-2.444,1.397,3.0,4,L,I,-0.2708,0.5367,10.27,11,1
518,588,R,A,0.03972,0.0712,4.0,2,K,E,-0.5,0.4201,5.909,11,0
519,589,D,A,-4.657,2.938,3.167,6,D,C,-1.031,1.268,4.0,11,1
520,59,K,*,-7.114,1.967,6.167,6,K,A,-0.1345,0.4908,2.6,10,1
521,590,Q,*,-1.573,3.077,4.0,6,Q,*,-2.738,1.251,3.182,11,1
522,591,Q,*,-0.823,3.001,6.667,6,Q,*,-5.178,0.9084,11.45,11,1
523,592,L,A,-5.342,2.707,3.167,6,L,F,-5.192,1.781,4.0,3,1
524,593,L,A,-1.911,2.798,2.833,6,L,M,-0.12,0.08985,28.45,11,1
525,594,G,A,0.3563,0.2214,3.5,6,G,A,-0.3338,0.5756,6.727,11,1
526,595,I,E,-6.92,2.319,3.5,6,I,F,-0.2137,0.2871,25.09,11,1
527,596,W,*,-5.245,1.732,18.17,6,W,*,-4.385,1.195,10.45,11,1
528,597,G,A,-7.33,2.085,5.0,6,G,C,-5.001,0.9113,18.45,11,1
529,598,C,*,-4.518,2.052,3.5,6,C,*,-5.31,2.456,2.545,11,1
530,599,S,A,-0.6786,0.8826,4.167,6,S,A,0.00955,0.1127,12.0,11,1
531,6,N,K,0.2259,0.421,5.333,6,N,D,0.1255,0.04222,2.333,3,1
532,60,A,C,-6.938,2.02,6.167,6,A,C,-2.708,1.556,9.727,11,1
533,600,G,A,-0.3708,0.6398,5.333,6,G,A,-0.2881,0.439,4.818,11,1
534,601,K,A,-7.142,2.283,3.167,6,K,E,-1.574,1.228,2.455,11,1
535,602,L,A,-1.666,0.9079,2.333,6,L,F,-0.04905,0.4442,8.0,11,1
536,603,I,A,-3.935,2.606,2.333,6,I,R,-0.2669,1.142,3.0,8,1
537,604,C,*,-1.823,3.314,2.333,6,C,*,-4.61,2.579,7.364,11,1
538,605,T,C,-0.6826,1.757,2.667,6,T,A,-0.3729,0.5741,9.364,11,1
539,606,T,A,-2.051,3.82,2.333,6,T,I,-5.066,0.807,21.09,11,1
540,607,N,A,0.00145,0.9228,3.0,4,N,D,-0.004,0.1412,5.091,11,1
541,608,V,A,-5.617,0.9282,3.5,4,V,A,-3.903,1.408,11.27,11,1
542,609,P,A,-0.02095,0.8404,3.167,6,P,A,-0.4332,0.5255,9.818,11,1
543,61,Y,*,-6.8,2.182,9.0,6,Y,*,-2.599,2.073,3.909,11,1
544,610,W,*,-6.793,2.22,57.33,6,W,*,-5.552,0.9605,37.73,11,1
545,611,N,A,-4.289,1.315,7.5,6,N,D,-0.4249,0.3865,4.545,11,1
546,612,A,C,-0.7555,0.5564,4.167,6,S,A,-0.1531,0.3326,9.091,11,0
547,613,S,A,-0.3609,0.9604,3.0,2,S,A,-0.04461,0.1171,9.455,11,1
548,614,W,*,-6.946,2.235,41.17,6,W,*,-4.898,1.374,20.73,11,1
549,615,S,C,-0.5389,0.5861,6.333,6,S,C,-0.3573,0.3089,12.18,11,1
550,616,N,A,-0.6952,0.7659,7.5,4,N,D,-0.4023,0.5284,6.636,11,1
551,617,K,A,-2.088,1.677,3.0,5,K,D,-4.414,1.259,7.818,11,1
552,618,S,A,-1.188,0.4437,4.833,6,S,A,-0.8695,0.5742,20.82,11,1
553,619,L,A,-0.7116,2.369,2.333,6,Q,*,-3.986,1.962,2.909,11,0
554,62,D,*,-6.691,2.08,3.5,6,D,A,-0.03098,0.09267,17.0,11,1
555,620,N,A,0.2288,0.8599,5.167,6,D,A,0.03473,0.07258,10.27,11,0
556,621,N,A,0.2818,0.2512,5.0,2,E,*,-5.244,1.862,16.64,11,0
557,622,I,A,-6.769,1.785,5.667,6,I,E,-4.543,1.549,9.727,11,1
558,623,W,*,-7.004,2.036,47.83,6,W,*,-5.154,1.403,10.18,11,1
559,624,E,A,0.2668,0.2488,2.5,2,G,A,-0.03698,0.1829,27.82,11,0
560,625,N,A,0.3431,0.1196,4.0,2,N,C,-1.577,0.8323,4.909,11,1
561,626,M,A,-6.638,1.908,5.167,6,M,I,-0.6605,0.3989,43.09,11,1
562,627,T,A,-5.021,2.795,6.0,6,T,A,-3.741,1.006,6.727,11,1
563,628,W,*,-7.143,1.991,49.33,6,W,*,-3.818,1.57,12.36,11,1
564,629,M,A,-2.392,1.952,3.167,6,L,C,-0.4114,0.7031,6.091,11,0
565,63,T,*,-6.915,1.96,5.333,6,A,C,-0.003675,0.3174,7.909,11,0
566,630,E,*,-6.143,2.151,7.333,6,Q,*,-4.958,0.9908,17.09,11,0
567,631,W,*,-6.859,2.02,27.0,6,W,*,-5.648,1.023,26.91,11,1
568,632,E,*,-6.217,2.148,7.333,6,D,A,-0.03357,0.06698,34.55,11,0
569,633,R,A,-0.2013,0.2521,6.833,6,K,A,-0.2917,0.2962,4.909,11,0
570,634,E,*,-2.731,3.17,2.333,6,E,*,-5.306,0.9243,20.82,11,1
571,635,I,A,-5.197,3.264,3.167,6,V,I,0.1018,0.04095,29.82,11,0
572,636,D,A,0.1846,0.7811,6.833,6,S,A,0.003729,0.06737,20.73,11,0
573,637,N,A,-0.3109,0.749,4.667,6,N,-,-0.213,1.545,3.875,8,1
574,638,Y,*,-5.755,2.325,5.167,6,Y,*,-3.085,1.848,10.0,11,1
575,639,T,C,-6.472,2.176,4.667,6,T,-,-0.1463,1.119,4.875,8,1
576,64,E,*,-7.243,1.982,10.83,6,E,*,-4.624,0.7944,18.18,11,1
577,640,D,A,-1.441,2.795,4.0,6,Q,*,-5.536,0.2886,6.0,3,0
578,641,L,A,0.324,0.2803,4.167,6,I,-,-0.1538,0.5293,5.333,9,0
579,642,I,A,-6.047,2.01,7.333,6,I,K,-5.238,0.705,13.73,11,1
580,643,Y,*,-3.975,2.951,7.167,6,Y,F,0.005563,0.09875,25.64,11,1
581,644,I,A,0.578,0.8065,6.167,6,T,A,-0.0177,0.1166,24.27,11,0
582,645,L,A,0.6751,0.3886,3.167,6,L,E,-2.593,0.6602,18.45,11,1
583,646,L,A,-6.979,1.937,6.833,6,I,F,-5.459,0.8275,38.73,11,0
584,647,E,*,-6.977,1.975,8.167,6,E,*,-5.491,1.095,22.36,11,1
585,648,K,A,-0.7163,0.9532,7.5,6,E,*,-4.798,1.11,19.09,11,0
586,649,S,A,0.01571,0.37,3.833,6,S,A,-0.3624,0.562,10.64,11,1
587,65,V,*,-6.885,1.989,6.333,6,V,A,0.01763,0.3929,6.727,11,1
588,650,Q,*,-3.407,2.178,4.5,6,Q,*,-4.044,1.922,4.455,11,1
589,651,I,A,-0.08485,1.193,4.0,6,N,E,-0.7296,0.505,12.18,11,0
590,652,Q,*,-4.92,1.842,6.0,6,Q,*,-5.269,2.11,4.545,11,1
591,653,Q,*,-6.369,2.324,10.67,6,Q,*,-5.376,0.9413,34.09,11,1
592,654,E,*,-5.522,1.896,7.167,6,E,*,-5.866,0.934,17.55,11,1
593,655,K,A,-0.3415,0.5401,2.167,6,K,D,-5.174,0.9916,10.73,11,1
594,656,N,A,-0.1753,1.199,4.167,6,N,D,0.07628,0.3124,4.727,11,1
595,657,E,*,-4.81,2.201,5.667,6,E,*,-4.916,0.8793,23.18,11,1
596,658,Q,*,-6.646,2.29,7.0,6,Q,*,-2.222,1.77,18.73,11,1
597,659,E,*,-4.547,3.46,2.75,4,D,E,0.04851,0.1099,8.182,11,0
598,66,H,A,-0.8295,1.289,2.5,6,H,A,-0.4549,0.5683,7.455,11,1
599,660,L,A,-1.231,2.254,4.167,6,L,M,-0.6726,0.3505,23.0,11,1
600,661,L,A,0.514,3.2,2.667,6,L,M,0.1086,0.245,7.545,11,1
601,662,E,*,-6.673,2.055,4.167,6,A,D,-4.372,1.163,44.55,11,0
602,663,L,A,-1.935,0.543,7.0,6,L,H,-1.181,1.197,61.0,11,1
603,664,D,A,0.08074,1.013,4.0,6,D,A,-0.1559,0.3308,5.455,11,1
604,665,S,A,0.02598,0.375,3.5,6,K,E,-0.2121,0.3659,4.273,11,0
605,666,W,*,-6.67,1.833,15.33,6,W,*,-5.273,1.003,7.364,11,1
606,667,A,C,-0.2204,1.617,4.333,6,A,C,-0.6493,1.597,6.818,11,1
607,668,S,A,0.4231,0.7507,3.0,6,S,A,-0.3716,0.2763,3.0,3,1
608,669,L,A,-1.261,1.542,3.667,6,L,M,-3.242,1.994,16.55,11,1
609,67,N,*,-7.39,2.118,11.17,6,N,C,-0.0607,1.963,5.0,11,1
610,670,W,*,-7.076,2.067,92.17,6,W,*,-5.418,1.137,41.45,11,1
611,671,N,A,0.5347,0.842,4.167,6,N,D,-0.1081,0.4221,4.727,11,1
612,672,W,*,-6.811,1.951,17.5,6,W,*,-3.863,1.828,11.64,11,1
613,673,F,C,-4.58,2.605,3.667,6,F,K,-2.392,2.03,2.273,11,1
614,674,D,A,-0.03557,0.3576,5.167,6,N,A,0.09888,0.07805,3.273,11,0
615,675,I,A,-4.676,3.218,4.0,6,I,K,-4.513,0.856,5.273,11,1
616,676,S,A,-0.4164,1.132,2.833,6,S,A,-0.4926,1.054,9.818,11,1
617,677,K,A,0.372,0.3819,4.0,5,Q,*,-3.896,2.015,2.636,11,0
618,678,W,*,-6.695,1.925,22.83,6,W,*,-5.444,1.07,13.0,11,1
619,679,L,A,-1.493,1.844,2.5,6,L,M,-0.9646,0.4111,62.27,11,1
620,68,V,A,-0.2183,0.7228,6.0,6,I,A,-1.016,0.8743,7.182,11,0
621,680,W,*,-6.149,2.284,27.17,6,W,*,-4.727,1.515,20.82,11,1
622,681,Y,*,-5.156,2.494,6.5,6,Y,*,-1.11,2.44,7.091,11,1
623,682,I,A,0.3384,1.822,3.5,6,I,C,0.004343,0.09656,9.273,11,1
624,683,K,A,-0.883,0.9451,5.333,6,K,E,-4.374,1.866,21.73,11,1
625,684,I,A,-0.0833,0.4716,3.167,6,I,D,-4.473,1.858,12.45,11,1
626,685,F,A,0.4141,1.047,3.5,6,F,A,-0.0352,0.09419,17.82,11,1
627,686,I,A,-2.231,1.238,4.5,6,I,-,-4.416,1.596,9.545,11,1
628,687,M,A,-0.5018,0.9934,3.667,6,I,A,-0.3458,0.4661,4.818,11,0
629,688,I,A,0.008685,0.5159,3.167,6,I,C,0.0204,0.3181,6.909,11,1
630,689,V,A,0.4726,0.2122,5.667,6,V,-,-5.418,0.9311,4.364,11,1
631,69,W,*,-6.911,2.079,10.33,6,W,*,-3.809,1.617,15.91,11,1
632,690,G,A,-0.1406,0.942,3.0,6,G,A,-0.02298,0.1292,12.73,11,1
633,691,G,A,0.06077,0.4553,3.0,6,G,A,-0.008798,0.113,19.73,11,1
634,692,L,A,0.5607,0.7166,2.5,6,L,C,-0.1105,0.2529,2.273,11,1
635,693,V,A,0.7467,0.6962,6.0,6,I,G,0.1032,0.1567,4.455,11,0
636,694,G,A,0.462,0.4641,3.0,6,G,A,-0.1606,0.8132,2.545,11,1
637,695,L,A,-0.5111,1.006,2.667,6,L,C,0.02978,0.1452,4.727,11,1
638,696,R,A,-1.325,0.454,6.167,6,R,C,-1.418,0.6793,4.091,11,1
639,697,I,D,-4.731,3.845,3.5,2,I,A,-0.1381,1.075,3.909,11,1
640,698,V,A,0.5649,0.7274,4.667,6,V,A,-0.1147,0.09887,12.64,11,1
641,699,F,C,-0.1581,0.6542,3.667,6,F,A,-0.2046,0.2194,12.18,11,1
642,7,C,*,-3.203,2.572,2.333,6,S,G,-0.02071,0.314,13.09,11,0
643,70,A,D,-6.832,2.581,2.833,6,A,C,-2.233,1.145,5.727,11,1
644,700,A,C,0.3496,1.373,3.333,6,A,C,0.08186,0.283,7.727,11,1
645,701,V,A,-0.02634,0.2577,8.667,6,V,A,-0.03717,0.545,3.0,11,1
646,702,L,A,-0.5027,2.338,5.167,6,L,A,-0.007295,1.122,4.273,11,1
647,703,S,G,-1.052,3.753,3.333,6,S,G,-0.2912,0.7824,2.455,11,1
648,704,I,N,-2.896,3.375,2.333,6,V,L,0.03602,0.1398,8.091,11,0
649,705,A,D,-1.686,1.911,4.0,6,I,N,-2.039,0.4613,3.667,3,0
650,706,N,K,0.00386,0.8475,4.0,6,N,D,0.0893,0.1072,3.0,8,1
651,707,R,G,-0.6966,1.611,2.167,6,R,G,-0.06703,0.1871,6.727,11,1
652,708,V,L,0.3671,0.184,3.333,6,V,A,0.03536,0.3302,2.455,11,1
653,709,R,I,-0.9042,2.252,5.833,6,R,G,-1.194,1.03,3.727,11,1
654,71,T,*,-6.939,3.107,5.333,6,T,A,-0.1351,1.05,2.364,11,1
655,710,Q,*,-0.4703,1.515,5.167,6,Q,*,-1.27,1.002,8.909,11,1
656,711,G,C,-0.2093,0.2812,9.5,6,G,C,-0.2571,0.2417,23.27,11,1
657,712,Y,*,-0.8249,0.9421,3.0,6,Y,*,-0.5365,1.21,2.455,11,1
658,713,S,G,-0.1384,0.3004,6.167,6,S,G,-0.01882,0.1707,11.0,11,1
659,714,P,H,-0.4341,1.945,6.5,6,P,H,-0.07907,0.1529,27.18,11,1
660,715,L,M,-0.01028,0.4629,2.667,6,L,M,-0.3593,0.3153,7.182,11,1
661,716,S,I,0.5569,0.4842,5.667,6,S,G,0.1089,0.1063,3.909,11,1
662,717,F,L,0.5786,0.5301,3.0,6,F,L,0.1162,0.0958,5.909,11,1
663,718,Q,*,-3.466,3.537,5.0,6,Q,*,-1.54,1.291,3.0,3,1
664,719,T,I,0.5701,0.363,4.167,6,T,A,-0.2866,0.3881,2.091,11,1
665,72,H,A,-1.044,1.78,6.833,6,H,C,-1.7,1.317,18.36,11,1
666,720,R,I,-0.0727,0.5092,9.667,6,R,I,0.09194,0.05516,7.364,11,1
667,721,L,M,0.6389,0.4625,4.667,6,T,I,0.1139,0.1122,6.182,11,0
668,722,P,H,-0.729,2.062,3.833,6,P,H,-7.67e-05,0.07826,12.45,11,1
669,724,P,H,-0.414,0.6309,9.0,6,P,H,0.09741,0.1195,29.64,11,1
670,725,R,G,0.2248,0.6048,7.5,6,G,C,0.09163,0.04648,25.64,11,0
671,726,G,C,0.02351,0.3891,5.667,6,E,*,-3.018,1.409,11.64,11,0
672,727,P,H,-0.1026,1.074,3.833,6,L,M,-0.1354,0.2518,8.727,11,0
673,728,D,E,0.3739,0.6327,4.167,6,D,E,-0.5503,1.315,3.818,11,1
674,729,R,G,0.6661,0.3889,6.833,6,R,G,0.08516,0.04454,7.091,11,1
675,73,A,D,-6.075,2.102,5.333,6,A,C,-2.067,1.058,10.36,11,1
676,730,P,H,-0.1746,0.3005,4.333,6,P,H,0.04113,0.1559,12.64,11,1
677,731,E,*,-0.3844,1.14,8.667,6,G,-,-0.036,0.2373,12.55,11,0
678,732,G,C,0.1988,1.938,4.667,6,R,-,0.04656,0.1776,13.09,11,0
679,733,I,V,0.3613,1.048,2.333,6,I,-,0.01864,0.09119,13.09,11,1
680,734,E,*,0.4346,0.5984,5.167,6,E,*,-1.524,0.9045,20.64,11,1
681,735,K,E,-0.2139,0.9069,2.5,6,E,*,-0.9879,1.251,14.91,11,0
682,736,E,*,-0.7869,0.822,4.0,6,E,*,-2.177,0.9657,16.27,11,1
683,737,G,C,0.3513,0.2758,4.167,6,G,-,-0.2524,1.415,15.55,11,1
684,738,G,C,0.1849,0.6545,8.0,6,G,A,0.07285,0.1055,3.0,11,1
685,739,G,*,-5.808,3.066,4.667,6,E,*,-4.526,0.9609,19.0,11,0
686,74,C,*,-5.854,2.354,25.0,6,C,*,-4.39,1.134,9.727,11,1
687,740,R,G,0.2008,0.8333,4.0,6,Q,*,-3.093,1.21,37.45,11,0
688,741,D,E,-1.125,0.8262,6.0,6,D,E,-0.06114,0.2179,5.818,11,1
689,742,R,G,0.0944,1.268,6.667,6,R,-,-0.06785,0.2504,5.182,11,1
690,743,D,E,0.5238,0.522,5.833,6,G,-,-0.1926,0.2494,5.182,11,0
691,744,G,C,0.4551,0.7434,6.0,6,R,-,-0.03877,0.2183,5.182,11,0
692,745,S,I,-0.6345,0.4815,4.0,6,S,-,-0.434,0.3659,5.182,11,1
693,746,R,G,-0.4017,2.956,3.167,6,I,-,-0.1306,0.2615,5.182,11,0
694,747,P,H,0.2419,0.7748,8.0,6,R,-,-0.06132,0.2095,5.182,11,0
695,748,L,M,0.5911,0.4143,8.0,6,L,-,-0.1716,0.7338,5.182,11,1
696,749,V,L,0.07715,1.381,3.0,6,V,-,0.005017,0.2655,5.182,11,1
697,75,V,*,-6.669,2.329,5.167,6,V,A,-0.8178,0.2166,31.27,11,1
698,750,H,N,0.6239,0.01966,5.5,2,S,-,-0.04364,0.6618,5.182,11,0
699,751,G,C,0.2883,0.8893,4.0,6,G,-,-0.1188,0.2586,5.182,11,1
700,752,L,M,0.4427,0.5896,4.0,6,F,L,-0.1357,1.041,5.455,11,0
701,753,L,M,-0.02188,2.592,5.0,6,L,-,-0.123,0.4026,3.182,11,1
702,754,A,D,-0.0367,0.6208,5.667,6,A,-,-0.1914,0.1777,3.182,11,1
703,755,L,M,-1.36,3.051,6.5,6,L,M,-0.5295,0.3424,33.0,11,1
704,757,W,*,-5.484,2.412,34.5,6,W,*,-0.04759,0.1337,21.64,11,1
705,758,D,E,-1.354,1.812,6.0,6,D,E,-0.004595,1.02,3.273,11,1
706,759,D,E,-0.8645,1.467,2.833,6,D,E,-0.9614,1.516,7.091,11,1
707,76,P,A,-0.4206,2.226,3.5,6,P,A,-0.903,1.351,4.909,11,1
708,760,L,M,0.5343,0.8882,7.167,6,L,M,0.01016,0.06193,20.0,11,1
709,761,R,G,-1.167,1.559,2.667,6,R,G,0.1186,0.1376,6.455,11,1
710,762,S,I,0.5527,0.5631,2.5,6,S,G,-0.1118,0.5587,2.636,11,1
711,763,L,M,-0.02262,0.2685,4.5,6,L,M,0.02388,0.1102,14.91,11,1
712,764,C,*,-2.675,2.143,6.0,6,C,*,-3.477,2.282,4.545,11,1
713,765,L,M,0.2409,0.5535,7.667,6,L,M,0.1187,0.177,8.818,11,1
714,766,F,L,0.2923,0.4394,7.167,6,F,L,-0.176,0.1203,17.27,11,1
715,767,S,G,-0.09209,0.4624,6.667,6,S,G,0.03714,0.0882,19.27,11,1
716,768,Y,*,-3.902,2.963,2.333,6,Y,*,-4.019,2.033,3.455,11,1
717,769,H,N,-0.6625,2.872,5.167,6,H,N,-0.01589,0.1913,11.64,11,1
718,77,T,*,-5.386,2.222,4.667,6,T,A,0.03282,0.09569,23.45,11,1
719,770,R,G,-1.071,2.942,4.667,6,R,G,-0.2348,0.2141,8.545,11,1
720,771,L,M,-0.4415,0.5984,7.0,6,L,M,0.03913,0.3711,3.364,11,1
721,772,R,G,-1.021,1.423,6.667,6,R,G,0.01194,0.3272,16.36,11,1
722,773,D,E,0.5581,0.7708,7.0,6,D,E,-0.04854,0.3239,3.091,11,1
723,774,L,M,-0.1036,0.6276,7.333,6,F,L,-0.07287,0.2566,7.0,11,0
724,776,L,M,0.3534,1.268,5.5,6,L,M,0.0422,0.07356,27.91,11,1
725,777,I,-,-0.8822,1.403,5.333,6,I,N,-0.9962,0.6089,7.545,11,1
726,778,V,-,-2.512,2.503,5.667,6,A,D,-1.968,0.5082,9.636,11,0
727,779,T,I,-0.2325,1.046,5.0,6,T,A,-0.06935,0.4386,9.636,11,1
728,78,D,E,-0.1339,2.495,8.333,6,D,A,-0.2824,0.3343,19.64,11,1
729,780,R,G,-0.2447,0.703,2.667,6,R,I,-2.695,1.088,9.273,11,1
730,781,T,I,0.4442,0.5551,3.333,6,T,A,0.0286,0.4632,3.0,3,1
731,782,V,L,0.3483,0.4868,3.667,6,V,A,-0.0004987,0.2444,2.818,11,1
732,783,E,D,0.432,0.4103,7.333,6,E,*,-5.455,1.01,16.18,11,1
733,784,L,M,0.08887,0.4401,5.0,6,L,M,-0.05931,0.198,8.455,11,1
734,785,L,I,0.1126,2.528,10.17,6,L,-,0.08026,0.1164,2.273,11,1
735,786,G,E,-0.8,0.7196,57.33,6,G,-,-0.04731,0.4376,2.273,11,1
736,787,R,I,-1.132,0.9193,7.0,6,R,G,-0.1517,0.3726,5.909,11,1
737,788,R,G,-0.8908,3.799,3.833,6,L,M,0.05506,0.06598,4.0,11,0
738,789,G,C,0.1285,0.3306,7.5,6,G,A,0.1239,0.04984,3.182,11,1
739,79,P,*,-6.669,2.697,6.167,6,P,A,-0.137,0.2453,4.364,11,1
740,790,W,*,-7.168,2.094,228.7,6,W,*,-5.224,0.8556,44.91,11,1
741,791,E,*,-0.6801,3.848,3.667,6,E,*,-5.329,0.9689,21.73,11,1
742,792,L,M,-1.335,2.297,6.833,6,S,I,-0.1832,0.2123,28.82,11,0
743,793,L,-,0.3575,0.3917,2.167,6,L,M,-0.101,0.1191,18.09,11,1
744,794,K,-,0.2139,1.524,2.167,6,K,-,-0.1634,0.2919,3.0,8,1
745,795,Y,*,-6.947,2.251,6.333,6,Y,*,-4.591,2.25,5.455,11,1
746,796,W,*,-6.268,2.002,18.67,6,L,M,0.07257,0.06962,17.55,11,0
747,797,W,*,-6.947,2.099,116.0,6,G,C,-0.1939,0.2305,19.36,11,0
748,798,N,-,0.4376,0.6525,3.167,6,N,S,-0.3715,0.6324,3.0,3,1
749,799,L,M,-1.013,1.847,5.5,6,L,M,-0.7433,0.7527,3.909,11,1
750,8,Q,*,-7.061,2.021,9.333,6,Q,K,-0.04435,0.2253,25.36,11,1
751,80,N,D,0.3432,0.4988,9.0,6,N,C,-0.09246,0.9025,2.364,11,1
752,800,L,M,0.05151,0.3946,4.167,6,L,M,0.06733,0.06029,8.273,11,1
753,801,Q,*,-7.069,3.206,9.667,6,V,L,0.1043,0.2318,2.091,11,0
754,802,Y,*,-6.241,3.032,5.333,6,Y,*,-3.804,1.941,3.545,11,1
755,803,W,*,-6.891,2.652,64.17,6,W,*,-5.055,1.345,17.0,11,1
756,804,S,G,0.3926,0.3294,2.333,6,G,C,0.03799,0.09556,27.73,11,0
757,805,Q,H,0.4482,0.3308,3.0,4,R,G,0.04705,0.2448,11.45,11,0
758,806,E,*,-6.26,1.246,6.5,2,E,*,-2.393,1.899,10.73,11,1
759,808,K,E,-0.6779,2.606,2.833,6,K,E,-0.4646,0.3715,3.727,11,1
760,809,N,K,-1.906,2.493,3.333,6,I,N,0.05503,0.06881,4.375,8,0
761,81,P,*,-7.369,2.536,4.167,6,P,A,-0.0648,0.2621,7.727,11,1
762,810,S,I,0.05598,0.1392,3.167,6,S,G,0.06364,0.161,15.09,11,1
763,811,A,D,-7.001,2.635,7.0,6,A,D,-0.1739,0.1856,8.182,11,1
764,812,V,A,-0.04705,0.7595,3.0,6,I,T,0.1235,0.1436,5.545,11,0
765,814,L,M,0.2014,0.6342,4.5,6,L,M,-0.02363,0.1578,9.091,11,1
766,815,L,M,0.09753,0.7024,5.333,6,C,*,-4.021,1.069,6.818,11,0
767,816,N,D,0.08532,1.931,2.833,6,D,E,-0.06285,0.2595,5.727,11,0
768,817,T,I,-0.7977,1.078,10.5,6,T,A,0.06238,0.1154,5.0,3,1
769,818,T,A,-0.4977,0.6003,2.833,6,I,-,-0.3206,0.8188,2.455,11,0
770,819,A,D,-0.2626,1.639,4.333,6,A,-,-0.2252,0.9305,2.455,11,1
771,82,Q,*,-5.723,2.36,2.833,6,Q,*,-2.172,1.384,3.182,11,1
772,821,A,D,-0.2415,0.256,6.5,6,A,D,-0.1075,0.2168,8.0,11,1
773,822,V,M,0.07572,0.5345,14.33,6,V,L,-0.2482,0.3209,3.455,11,1
774,823,A,D,0.2662,0.7983,3.5,6,A,D,0.06529,0.05115,34.36,11,1
775,824,E,*,-6.347,3.17,7.5,6,G,-,-0.1081,0.2649,3.0,8,0
776,825,G,C,0.5613,0.8421,3.5,6,W,*,-4.546,0.8257,16.73,11,0
777,826,T,I,0.05125,0.739,6.0,6,T,A,-0.05529,0.196,7.636,11,1
778,827,D,E,-0.3408,1.749,4.0,6,D,E,-0.1208,0.2257,3.818,11,1
779,828,R,G,-0.477,1.661,4.333,6,R,G,-0.01672,0.2033,16.36,11,1
780,829,V,A,-1.559,2.236,2.25,4,V,L,0.07195,0.1073,2.545,11,1
781,83,E,*,-6.848,2.131,8.833,6,E,*,-5.52,1.17,12.18,11,1
782,831,E,*,-0.7226,1.428,5.0,6,E,*,-0.7267,0.4145,25.18,11,1
783,832,V,L,-0.07516,0.4312,2.833,6,L,M,-0.04221,0.1401,10.73,11,0
784,833,V,L,-2.997,2.71,2.5,4,G,C,0.006553,0.04912,30.45,11,0
785,834,Q,*,-4.006,3.241,7.833,6,Q,*,-2.329,0.9388,4.182,11,1
786,835,R,G,-0.2787,3.125,4.167,6,R,G,-0.00593,0.3381,9.818,11,1
787,836,A,D,-3.915,3.063,6.833,6,L,M,0.08783,0.2715,4.818,11,0
788,837,F,L,0.2621,0.9688,9.167,6,C,*,-0.5839,0.6424,5.273,11,0
789,838,R,G,-0.47,0.6015,11.0,6,R,G,-0.1174,0.2272,8.455,11,1
790,839,A,D,-0.1335,0.5317,7.833,6,A,D,0.01829,0.3628,6.364,11,1
791,84,V,A,-0.6014,0.4398,5.333,6,I,A,-0.8174,0.8422,10.91,11,0
792,840,I,T,-1.405,1.583,2.333,6,I,A,0.02925,0.1858,119.5,11,1
793,841,L,M,0.5442,0.9277,9.0,6,L,M,0.06527,0.04897,32.27,11,1
794,842,H,N,0.347,0.387,4.333,6,H,N,0.05421,0.09249,6.273,11,1
795,844,P,H,-0.3922,0.7914,10.5,6,P,H,-0.07409,0.1845,46.73,11,1
796,845,A,D,-0.0441,0.7827,11.0,6,R,G,0.001008,0.7492,3.273,11,0
797,846,R,G,-0.1619,1.145,4.333,6,R,G,-0.1317,0.3065,2.909,11,1
798,847,I,V,-1.369,1.882,3.333,6,I,N,-0.04661,0.136,4.333,3,1
799,848,R,G,-0.6711,0.6181,7.0,6,R,G,-0.206,0.2624,12.91,11,1
800,849,Q,*,0.1603,0.7919,5.667,6,Q,*,-0.1309,0.4924,4.545,11,1
801,85,V,*,-6.601,2.679,2.167,6,N,A,-0.0854,0.3164,3.455,11,0
802,850,G,C,0.03258,0.7476,8.667,6,G,C,-0.02595,0.1746,18.91,11,1
803,851,L,M,-1.327,0.8633,4.6,5,F,L,0.01427,0.08243,11.91,11,0
804,852,E,*,-2.853,1.968,4.0,6,E,D,0.05433,0.08163,24.73,11,1
805,853,R,G,0.0488,2.728,2.333,6,R,*,-0.5271,0.4959,3.0,8,1
806,854,A,D,-2.865,3.413,6.0,6,A,D,-0.0001212,0.3685,3.909,11,1
807,855,L,M,-0.2974,3.065,6.167,6,L,M,-0.02731,0.1271,25.91,11,1
808,856,L,M,-0.5817,1.297,7.667,6,L,M,-0.0734,0.1516,7.182,11,1
809,856a,*,L,0.01418,0.4141,3.333,6,*,L,-1.056,0.6307,18.91,11,1
810,86,L,M,-0.3699,0.7754,9.5,6,L,C,-1.492,0.8362,13.36,11,1
811,87,G,*,-6.455,2.501,3.833,6,E,*,-5.277,0.9507,18.91,11,0
812,88,N,C,-4.272,3.229,3.833,6,N,A,-0.07912,0.1267,2.636,11,1
813,89,V,*,-5.535,2.202,6.5,6,V,A,-2.566,0.6584,14.64,11,1
814,9,H,N,0.00605,0.3434,5.333,6,H,Q,0.01836,0.1751,5.909,11,1
815,90,T,A,-0.1687,0.7316,8.333,6,T,A,-0.2494,0.2332,7.727,11,1
816,91,E,*,-5.939,1.953,14.17,6,E,*,-5.04,0.9873,19.91,11,1
817,92,N,A,-0.5679,0.8701,3.5,6,E,*,-5.215,1.38,12.64,11,0
818,93,F,*,-6.097,2.332,9.333,6,F,L,-1.892,0.6664,18.18,11,1
819,94,N,A,-5.241,2.775,5.167,6,N,A,-0.8713,0.6018,3.273,11,1
820,95,M,I,0.1789,0.3468,16.5,6,M,A,-0.8352,2.103,2.2,10,1
821,96,W,*,-7.396,2.139,40.83,6,W,*,-5.465,0.8617,57.82,11,1
822,97,K,*,-5.897,2.216,8.167,6,K,A,-0.1154,0.2553,11.27,11,1
823,98,N,A,-5.71,2.242,6.333,6,N,D,-2.082,1.713,7.545,11,1
824,99,N,*,-7.046,2.681,4.167,6,N,C,-0.4703,0.7229,4.182,11,1
